{
  "meta": {
    "version": "1.1",
    "purpose": "initial psychological hit before explanation",
    "note": "Frozen – do not rewrite, only extend"
  },
  "items": [
    {
      "id": "ANCHOR_FIRE_CONTROL_01",
      "label": "高頻運轉下的隱性耗竭",
      "mother_theme": "control_vs_exhaustion",
      "state_tags": ["high_arousal", "over_control", "anxiety"],
      "confidence": "medium-high",
      "uncertainty_note": "若你目前正處於短期高壓衝刺期，這句可能被感覺成否定努力。",
      "do_not_say": ["你太焦慮了", "你控制慾很強", "你這樣一定會崩潰"],
      "safe_tone_template": {
        "acknowledge": "你其實很會撐，但沒有人教過你，什麼時候撐已經不是責任，而是在消耗自己。",
        "guide": "",
        "action": ""
      },
      "variants": [
        "你很能扛，但沒有人告訴你，什麼時候該停下來，而不是一直撐下去。",
        "你習慣把事情扛到底，但可能沒注意到，有些時候撐已經變成消耗。"
      ],
      "why_it_hits": "它同時肯定能力與指出代價，讓高功能型使用者放下防衛。"
    },
    {
      "id": "ANCHOR_FIRE_CONTROL_02",
      "label": "高頻運轉下的隱性耗竭（變體2）",
      "mother_theme": "control_vs_exhaustion",
      "state_tags": ["high_arousal", "over_control", "anxiety", "overthinking"],
      "confidence": "high",
      "uncertainty_note": "若你目前處於放鬆狀態，這句可能不適用。",
      "do_not_say": ["你太焦慮了", "你控制慾很強", "你這樣一定會崩潰"],
      "safe_tone_template": {
        "acknowledge": "你的大腦一直在運轉，即使身體停下來，思緒還在處理未完成的事。",
        "guide": "",
        "action": ""
      },
      "variants": [
        "你的思緒總是在運轉，即使想停下來，大腦還在處理那些未完成的事。",
        "你習慣把事情想得很周全，但可能沒注意到，思緒一直在運轉，沒有真正休息。"
      ],
      "why_it_hits": "描述認知負荷而非性格缺陷，讓高功能型使用者認同。"
    },
    {
      "id": "ANCHOR_FIRE_CONTROL_03",
      "label": "高頻運轉下的隱性耗竭（變體3）",
      "mother_theme": "control_vs_exhaustion",
      "state_tags": ["high_arousal", "over_control", "high_obligation"],
      "confidence": "high",
      "uncertainty_note": "若你目前責任負擔較輕，這句可能不適用。",
      "do_not_say": ["你太焦慮了", "你控制慾很強", "你這樣一定會崩潰"],
      "safe_tone_template": {
        "acknowledge": "你習慣把所有事都做到最好，但可能沒注意到，這樣做其實在消耗你的能量。",
        "guide": "",
        "action": ""
      },
      "variants": [
        "你習慣把事情做到最好，但可能沒注意到，這樣做其實在消耗你的能量。",
        "你對每件事都很認真，但可能沒注意到，這樣做其實在消耗你的能量。"
      ],
      "why_it_hits": "肯定認真態度同時指出代價，讓完美主義者看到選擇。"
    },
    {
      "id": "ANCHOR_FIRE_CONTROL_04",
      "label": "高頻運轉下的隱性耗竭（變體4）",
      "mother_theme": "control_vs_exhaustion",
      "state_tags": ["high_arousal", "over_control", "sleep_debt"],
      "confidence": "medium-high",
      "uncertainty_note": "若你目前睡眠充足，這句可能不適用。",
      "do_not_say": ["你太焦慮了", "你控制慾很強", "你這樣一定會崩潰"],
      "safe_tone_template": {
        "acknowledge": "你習慣把所有事都安排好，但可能沒注意到，這樣做其實在透支你的體力。",
        "guide": "",
        "action": ""
      },
      "variants": [
        "你習慣把所有事都安排好，但可能沒注意到，這樣做其實在透支你的體力。",
        "你對每件事都很用心，但可能沒注意到，這樣做其實在透支你的體力。"
      ],
      "why_it_hits": "指出體力透支而非能力問題，讓高功能型使用者看到休息的必要。"
    },
    {
      "id": "ANCHOR_FIRE_CONTROL_05",
      "label": "高頻運轉下的隱性耗竭（變體5）",
      "mother_theme": "control_vs_exhaustion",
      "state_tags": ["high_arousal", "over_control", "neglected_needs"],
      "confidence": "high",
      "uncertainty_note": "若你目前有照顧自己的需求，這句可能不適用。",
      "do_not_say": ["你太焦慮了", "你控制慾很強", "你這樣一定會崩潰"],
      "safe_tone_template": {
        "acknowledge": "你習慣把所有事都處理好，但可能沒注意到，這樣做其實在忽略你自己的需求。",
        "guide": "",
        "action": ""
      },
      "variants": [
        "你習慣把所有事都處理好，但可能沒注意到，這樣做其實在忽略你自己的需求。",
        "你對每件事都很負責，但可能沒注意到，這樣做其實在忽略你自己的需求。"
      ],
      "why_it_hits": "指出需求被忽略而非自私，讓高責任型使用者看到自我照顧的必要。"
    },
    {
      "id": "ANCHOR_FIRE_CONTROL_06",
      "label": "高頻運轉下的隱性耗竭（變體6）",
      "mother_theme": "control_vs_exhaustion",
      "state_tags": ["high_arousal", "over_control", "anxiety", "exhaustion"],
      "confidence": "high",
      "uncertainty_note": "若你目前處於恢復期，這句可能不適用。",
      "do_not_say": ["你太焦慮了", "你控制慾很強", "你這樣一定會崩潰"],
      "safe_tone_template": {
        "acknowledge": "你習慣把所有事都掌控好，但可能沒注意到，這樣做其實在透支你的心力。",
        "guide": "",
        "action": ""
      },
      "variants": [
        "你習慣把所有事都掌控好，但可能沒注意到，這樣做其實在透支你的心力。",
        "你對每件事都很用心，但可能沒注意到，這樣做其實在透支你的心力。"
      ],
      "why_it_hits": "指出心力透支而非能力問題，讓高功能型使用者看到放手的必要。"
    },
    {
      "id": "ANCHOR_FIRE_CONTROL_07",
      "label": "高頻運轉下的隱性耗竭（變體7）",
      "mother_theme": "control_vs_exhaustion",
      "state_tags": ["high_arousal", "over_control", "anxiety", "overthinking"],
      "confidence": "medium-high",
      "uncertainty_note": "若你目前思緒較為平靜，這句可能不適用。",
      "do_not_say": ["你太焦慮了", "你控制慾很強", "你這樣一定會崩潰"],
      "safe_tone_template": {
        "acknowledge": "你習慣把所有事都想得很清楚，但可能沒注意到，這樣做其實在消耗你的專注力。",
        "guide": "",
        "action": ""
      },
      "variants": [
        "你習慣把所有事都想得很清楚，但可能沒注意到，這樣做其實在消耗你的專注力。",
        "你對每件事都很仔細，但可能沒注意到，這樣做其實在消耗你的專注力。"
      ],
      "why_it_hits": "指出專注力消耗而非能力問題，讓高功能型使用者看到簡化的必要。"
    },
    {
      "id": "ANCHOR_FIRE_CONTROL_08",
      "label": "高頻運轉下的隱性耗竭（變體8）",
      "mother_theme": "control_vs_exhaustion",
      "state_tags": ["high_arousal", "over_control", "high_obligation", "neglected_needs"],
      "confidence": "high",
      "uncertainty_note": "若你目前責任負擔較輕，這句可能不適用。",
      "do_not_say": ["你太焦慮了", "你控制慾很強", "你這樣一定會崩潰"],
      "safe_tone_template": {
        "acknowledge": "你習慣把所有責任都扛起來，但可能沒注意到，這樣做其實在忽略你自己的界限。",
        "guide": "",
        "action": ""
      },
      "variants": [
        "你習慣把所有責任都扛起來，但可能沒注意到，這樣做其實在忽略你自己的界限。",
        "你對每件事都很負責，但可能沒注意到，這樣做其實在忽略你自己的界限。"
      ],
      "why_it_hits": "指出界限被忽略而非責任感問題，讓高責任型使用者看到設限的必要。"
    },
    {
      "id": "ANCHOR_FIRE_CONTROL_09",
      "label": "高頻運轉下的隱性耗竭（變體9）",
      "mother_theme": "control_vs_exhaustion",
      "state_tags": ["high_arousal", "over_control", "anxiety", "sleep_debt"],
      "confidence": "medium-high",
      "uncertainty_note": "若你目前睡眠充足，這句可能不適用。",
      "do_not_say": ["你太焦慮了", "你控制慾很強", "你這樣一定會崩潰"],
      "safe_tone_template": {
        "acknowledge": "你習慣把所有事都安排好，但可能沒注意到，這樣做其實在影響你的休息品質。",
        "guide": "",
        "action": ""
      },
      "variants": [
        "你習慣把所有事都安排好，但可能沒注意到，這樣做其實在影響你的休息品質。",
        "你對每件事都很用心，但可能沒注意到，這樣做其實在影響你的休息品質。"
      ],
      "why_it_hits": "指出休息品質受影響而非能力問題，讓高功能型使用者看到放鬆的必要。"
    },
    {
      "id": "ANCHOR_FIRE_CONTROL_10",
      "label": "高頻運轉下的隱性耗竭（變體10）",
      "mother_theme": "control_vs_exhaustion",
      "state_tags": ["high_arousal", "over_control", "anxiety", "exhaustion", "neglected_needs"],
      "confidence": "high",
      "uncertainty_note": "若你目前有照顧自己的需求，這句可能不適用。",
      "do_not_say": ["你太焦慮了", "你控制慾很強", "你這樣一定會崩潰"],
      "safe_tone_template": {
        "acknowledge": "你習慣把所有事都處理好，但可能沒注意到，這樣做其實在透支你的整體狀態。",
        "guide": "",
        "action": ""
      },
      "variants": [
        "你習慣把所有事都處理好，但可能沒注意到，這樣做其實在透支你的整體狀態。",
        "你對每件事都很負責，但可能沒注意到，這樣做其實在透支你的整體狀態。"
      ],
      "why_it_hits": "指出整體狀態透支而非能力問題，讓高功能型使用者看到全面調整的必要。"
    },
    {
      "id": "ANCHOR_AVOID_STAGNATION_01",
      "label": "逃避迴圈中的停滯感",
      "mother_theme": "avoidance_stagnation",
      "state_tags": ["low_arousal", "procrastination", "self_doubt"],
      "confidence": "high",
      "uncertainty_note": "若你目前正在積極行動中，這句可能不適用。",
      "do_not_say": ["你太懶了", "你沒有行動力", "你註定會失敗"],
      "safe_tone_template": {
        "acknowledge": "你不是不想動，而是把每一步都當成不能輸的考試，所以寧可停在原地。",
        "guide": "",
        "action": ""
      },
      "variants": [
        "你不是不想動，而是把每一步都當成不能錯的選擇，所以寧可停在原地。",
        "你不是不想動，而是把每一步都當成不能失敗的任務，所以寧可停在原地。"
      ],
      "why_it_hits": "重新框架拖延為保護機制，而非能力缺陷，降低防衛。"
    },
    {
      "id": "ANCHOR_AVOID_STAGNATION_02",
      "label": "逃避迴圈中的停滯感（變體2）",
      "mother_theme": "avoidance_stagnation",
      "state_tags": ["low_arousal", "procrastination", "self_doubt", "avoidance"],
      "confidence": "high",
      "uncertainty_note": "若你目前正在積極行動中，這句可能不適用。",
      "do_not_say": ["你太懶了", "你沒有行動力", "你註定會失敗"],
      "safe_tone_template": {
        "acknowledge": "你不是不想開始，而是把開始當成不能回頭的決定，所以一直拖延。",
        "guide": "",
        "action": ""
      },
      "variants": [
        "你不是不想開始，而是把開始當成不能改變的決定，所以一直拖延。",
        "你不是不想開始，而是把開始當成不能修正的選擇，所以一直拖延。"
      ],
      "why_it_hits": "重新框架拖延為謹慎，而非懶惰，降低自我批評。"
    },
    {
      "id": "ANCHOR_AVOID_STAGNATION_03",
      "label": "逃避迴圈中的停滯感（變體3）",
      "mother_theme": "avoidance_stagnation",
      "state_tags": ["low_arousal", "procrastination", "self_doubt", "uncertainty"],
      "confidence": "high",
      "uncertainty_note": "若你目前有明確方向，這句可能不適用。",
      "do_not_say": ["你太懶了", "你沒有行動力", "你註定會失敗"],
      "safe_tone_template": {
        "acknowledge": "你不是不想行動，而是把行動當成不能出錯的選擇，所以一直猶豫。",
        "guide": "",
        "action": ""
      },
      "variants": [
        "你不是不想行動，而是把行動當成不能失敗的選擇，所以一直猶豫。",
        "你不是不想行動，而是把行動當成不能後悔的決定，所以一直猶豫。"
      ],
      "why_it_hits": "重新框架猶豫為謹慎，而非無能，降低自我批評。"
    },
    {
      "id": "ANCHOR_AVOID_STAGNATION_04",
      "label": "逃避迴圈中的停滯感（變體4）",
      "mother_theme": "avoidance_stagnation",
      "state_tags": ["low_arousal", "procrastination", "self_doubt", "lack_of_agency"],
      "confidence": "medium-high",
      "uncertainty_note": "若你目前有明確方向，這句可能不適用。",
      "do_not_say": ["你太懶了", "你沒有行動力", "你註定會失敗"],
      "safe_tone_template": {
        "acknowledge": "你不是不想改變，而是把改變當成不能控制的風險，所以一直停在原地。",
        "guide": "",
        "action": ""
      },
      "variants": [
        "你不是不想改變，而是把改變當成不能預測的風險，所以一直停在原地。",
        "你不是不想改變，而是把改變當成不能掌控的變數，所以一直停在原地。"
      ],
      "why_it_hits": "重新框架停滯為風險管理，而非無能，降低自我批評。"
    },
    {
      "id": "ANCHOR_AVOID_STAGNATION_05",
      "label": "逃避迴圈中的停滯感（變體5）",
      "mother_theme": "avoidance_stagnation",
      "state_tags": ["low_arousal", "procrastination", "self_doubt", "fear_based_stability"],
      "confidence": "high",
      "uncertainty_note": "若你目前正在積極行動中，這句可能不適用。",
      "do_not_say": ["你太懶了", "你沒有行動力", "你註定會失敗"],
      "safe_tone_template": {
        "acknowledge": "你不是不想前進，而是把前進當成可能失去現狀的風險，所以一直停在原地。",
        "guide": "",
        "action": ""
      },
      "variants": [
        "你不是不想前進，而是把前進當成可能失去安全的風險，所以一直停在原地。",
        "你不是不想前進，而是把前進當成可能失去穩定的風險，所以一直停在原地。"
      ],
      "why_it_hits": "重新框架停滯為保護現狀，而非無能，降低自我批評。"
    },
    {
      "id": "ANCHOR_AVOID_STAGNATION_06",
      "label": "逃避迴圈中的停滯感（變體6）",
      "mother_theme": "avoidance_stagnation",
      "state_tags": ["low_arousal", "procrastination", "self_doubt", "avoidance"],
      "confidence": "high",
      "uncertainty_note": "若你目前正在積極行動中，這句可能不適用。",
      "do_not_say": ["你太懶了", "你沒有行動力", "你註定會失敗"],
      "safe_tone_template": {
        "acknowledge": "你不是不想開始，而是把開始當成不能回頭的承諾，所以一直拖延。",
        "guide": "",
        "action": ""
      },
      "variants": [
        "你不是不想開始，而是把開始當成不能改變的承諾，所以一直拖延。",
        "你不是不想開始，而是把開始當成不能修正的決定，所以一直拖延。"
      ],
      "why_it_hits": "重新框架拖延為謹慎承諾，而非無能，降低自我批評。"
    },
    {
      "id": "ANCHOR_AVOID_STAGNATION_07",
      "label": "逃避迴圈中的停滯感（變體7）",
      "mother_theme": "avoidance_stagnation",
      "state_tags": ["low_arousal", "procrastination", "self_doubt", "uncertainty"],
      "confidence": "medium-high",
      "uncertainty_note": "若你目前有明確方向，這句可能不適用。",
      "do_not_say": ["你太懶了", "你沒有行動力", "你註定會失敗"],
      "safe_tone_template": {
        "acknowledge": "你不是不想行動，而是把行動當成不能出錯的選擇，所以一直猶豫。",
        "guide": "",
        "action": ""
      },
      "variants": [
        "你不是不想行動，而是把行動當成不能失敗的選擇，所以一直猶豫。",
        "你不是不想行動，而是把行動當成不能後悔的決定，所以一直猶豫。"
      ],
      "why_it_hits": "重新框架猶豫為謹慎，而非無能，降低自我批評。"
    },
    {
      "id": "ANCHOR_AVOID_STAGNATION_08",
      "label": "逃避迴圈中的停滯感（變體8）",
      "mother_theme": "avoidance_stagnation",
      "state_tags": ["low_arousal", "procrastination", "self_doubt", "lack_of_agency"],
      "confidence": "medium-high",
      "uncertainty_note": "若你目前有明確方向，這句可能不適用。",
      "do_not_say": ["你太懶了", "你沒有行動力", "你註定會失敗"],
      "safe_tone_template": {
        "acknowledge": "你不是不想改變，而是把改變當成不能控制的變數，所以一直停在原地。",
        "guide": "",
        "action": ""
      },
      "variants": [
        "你不是不想改變，而是把改變當成不能預測的變數，所以一直停在原地。",
        "你不是不想改變，而是把改變當成不能掌控的風險，所以一直停在原地。"
      ],
      "why_it_hits": "重新框架停滯為風險管理，而非無能，降低自我批評。"
    },
    {
      "id": "ANCHOR_AVOID_STAGNATION_09",
      "label": "逃避迴圈中的停滯感（變體9）",
      "mother_theme": "avoidance_stagnation",
      "state_tags": ["low_arousal", "procrastination", "self_doubt", "fear_based_stability"],
      "confidence": "high",
      "uncertainty_note": "若你目前正在積極行動中，這句可能不適用。",
      "do_not_say": ["你太懶了", "你沒有行動力", "你註定會失敗"],
      "safe_tone_template": {
        "acknowledge": "你不是不想前進，而是把前進當成可能失去現狀的風險，所以一直停在原地。",
        "guide": "",
        "action": ""
      },
      "variants": [
        "你不是不想前進，而是把前進當成可能失去安全的風險，所以一直停在原地。",
        "你不是不想前進，而是把前進當成可能失去穩定的風險，所以一直停在原地。"
      ],
      "why_it_hits": "重新框架停滯為保護現狀，而非無能，降低自我批評。"
    },
    {
      "id": "ANCHOR_AVOID_STAGNATION_10",
      "label": "逃避迴圈中的停滯感（變體10）",
      "mother_theme": "avoidance_stagnation",
      "state_tags": ["low_arousal", "procrastination", "self_doubt", "avoidance"],
      "confidence": "high",
      "uncertainty_note": "若你目前正在積極行動中，這句可能不適用。",
      "do_not_say": ["你太懶了", "你沒有行動力", "你註定會失敗"],
      "safe_tone_template": {
        "acknowledge": "你不是不想開始，而是把開始當成不能回頭的決定，所以一直拖延。",
        "guide": "",
        "action": ""
      },
      "variants": [
        "你不是不想開始，而是把開始當成不能改變的決定，所以一直拖延。",
        "你不是不想開始，而是把開始當成不能修正的選擇，所以一直拖延。"
      ],
      "why_it_hits": "重新框架拖延為謹慎，而非懶惰，降低自我批評。"
    },
    {
      "id": "ANCHOR_ATTACH_INSECURITY_01",
      "label": "關係中的靠近與自保",
      "mother_theme": "attachment_insecurity",
      "state_tags": ["relationship_anxiety", "withdrawal", "need_for_control"],
      "confidence": "high",
      "uncertainty_note": "若關係目前穩定，這句可能不適用。",
      "do_not_say": ["你缺乏安全感", "你關係有問題", "你註定會分手"],
      "safe_tone_template": {
        "acknowledge": "你在靠近與自保之間來回，不是因為你不想要親密，而是因為你太知道失去的痛。",
        "guide": "",
        "action": ""
      },
      "variants": [
        "你在靠近與自保之間來回，不是因為你不想要連結，而是因為你太知道失去的痛。",
        "你在靠近與自保之間來回，不是因為你不想要關係，而是因為你太知道失去的痛。"
      ],
      "why_it_hits": "承認需求與恐懼並存，而非單純歸因於性格缺陷。"
    },
    {
      "id": "ANCHOR_ATTACH_INSECURITY_02",
      "label": "關係中的靠近與自保（變體2）",
      "mother_theme": "attachment_insecurity",
      "state_tags": ["relationship_anxiety", "withdrawal", "need_for_control", "emotional_suppression"],
      "confidence": "high",
      "uncertainty_note": "若關係目前穩定，這句可能不適用。",
      "do_not_say": ["你缺乏安全感", "你關係有問題", "你註定會分手"],
      "safe_tone_template": {
        "acknowledge": "你在靠近與自保之間來回，不是因為你不想要親密，而是因為你太知道受傷的痛。",
        "guide": "",
        "action": ""
      },
      "variants": [
        "你在靠近與自保之間來回，不是因為你不想要連結，而是因為你太知道受傷的痛。",
        "你在靠近與自保之間來回，不是因為你不想要關係，而是因為你太知道受傷的痛。"
      ],
      "why_it_hits": "承認需求與恐懼並存，而非單純歸因於性格缺陷。"
    },
    {
      "id": "ANCHOR_ATTACH_INSECURITY_03",
      "label": "關係中的靠近與自保（變體3）",
      "mother_theme": "attachment_insecurity",
      "state_tags": ["relationship_anxiety", "withdrawal", "need_for_control", "people_pleasing"],
      "confidence": "high",
      "uncertainty_note": "若關係目前穩定，這句可能不適用。",
      "do_not_say": ["你缺乏安全感", "你關係有問題", "你註定會分手"],
      "safe_tone_template": {
        "acknowledge": "你在靠近與自保之間來回，不是因為你不想要親密，而是因為你太知道被拒絕的痛。",
        "guide": "",
        "action": ""
      },
      "variants": [
        "你在靠近與自保之間來回，不是因為你不想要連結，而是因為你太知道被拒絕的痛。",
        "你在靠近與自保之間來回，不是因為你不想要關係，而是因為你太知道被拒絕的痛。"
      ],
      "why_it_hits": "承認需求與恐懼並存，而非單純歸因於性格缺陷。"
    },
    {
      "id": "ANCHOR_ATTACH_INSECURITY_04",
      "label": "關係中的靠近與自保（變體4）",
      "mother_theme": "attachment_insecurity",
      "state_tags": ["relationship_anxiety", "withdrawal", "need_for_control", "social_withdrawal"],
      "confidence": "medium-high",
      "uncertainty_note": "若關係目前穩定，這句可能不適用。",
      "do_not_say": ["你缺乏安全感", "你關係有問題", "你註定會分手"],
      "safe_tone_template": {
        "acknowledge": "你在靠近與自保之間來回，不是因為你不想要親密，而是因為你太知道被拋棄的痛。",
        "guide": "",
        "action": ""
      },
      "variants": [
        "你在靠近與自保之間來回，不是因為你不想要連結，而是因為你太知道被拋棄的痛。",
        "你在靠近與自保之間來回，不是因為你不想要關係，而是因為你太知道被拋棄的痛。"
      ],
      "why_it_hits": "承認需求與恐懼並存，而非單純歸因於性格缺陷。"
    },
    {
      "id": "ANCHOR_ATTACH_INSECURITY_05",
      "label": "關係中的靠近與自保（變體5）",
      "mother_theme": "attachment_insecurity",
      "state_tags": ["relationship_anxiety", "withdrawal", "need_for_control", "emotional_suppression"],
      "confidence": "high",
      "uncertainty_note": "若關係目前穩定，這句可能不適用。",
      "do_not_say": ["你缺乏安全感", "你關係有問題", "你註定會分手"],
      "safe_tone_template": {
        "acknowledge": "你在靠近與自保之間來回，不是因為你不想要親密，而是因為你太知道被背叛的痛。",
        "guide": "",
        "action": ""
      },
      "variants": [
        "你在靠近與自保之間來回，不是因為你不想要連結，而是因為你太知道被背叛的痛。",
        "你在靠近與自保之間來回，不是因為你不想要關係，而是因為你太知道被背叛的痛。"
      ],
      "why_it_hits": "承認需求與恐懼並存，而非單純歸因於性格缺陷。"
    },
    {
      "id": "ANCHOR_ATTACH_INSECURITY_06",
      "label": "關係中的靠近與自保（變體6）",
      "mother_theme": "attachment_insecurity",
      "state_tags": ["relationship_anxiety", "withdrawal", "need_for_control", "people_pleasing"],
      "confidence": "high",
      "uncertainty_note": "若關係目前穩定，這句可能不適用。",
      "do_not_say": ["你缺乏安全感", "你關係有問題", "你註定會分手"],
      "safe_tone_template": {
        "acknowledge": "你在靠近與自保之間來回，不是因為你不想要親密，而是因為你太知道被忽略的痛。",
        "guide": "",
        "action": ""
      },
      "variants": [
        "你在靠近與自保之間來回，不是因為你不想要連結，而是因為你太知道被忽略的痛。",
        "你在靠近與自保之間來回，不是因為你不想要關係，而是因為你太知道被忽略的痛。"
      ],
      "why_it_hits": "承認需求與恐懼並存，而非單純歸因於性格缺陷。"
    },
    {
      "id": "ANCHOR_ATTACH_INSECURITY_07",
      "label": "關係中的靠近與自保（變體7）",
      "mother_theme": "attachment_insecurity",
      "state_tags": ["relationship_anxiety", "withdrawal", "need_for_control", "social_withdrawal"],
      "confidence": "medium-high",
      "uncertainty_note": "若關係目前穩定，這句可能不適用。",
      "do_not_say": ["你缺乏安全感", "你關係有問題", "你註定會分手"],
      "safe_tone_template": {
        "acknowledge": "你在靠近與自保之間來回，不是因為你不想要親密，而是因為你太知道被傷害的痛。",
        "guide": "",
        "action": ""
      },
      "variants": [
        "你在靠近與自保之間來回，不是因為你不想要連結，而是因為你太知道被傷害的痛。",
        "你在靠近與自保之間來回，不是因為你不想要關係，而是因為你太知道被傷害的痛。"
      ],
      "why_it_hits": "承認需求與恐懼並存，而非單純歸因於性格缺陷。"
    },
    {
      "id": "ANCHOR_ATTACH_INSECURITY_08",
      "label": "關係中的靠近與自保（變體8）",
      "mother_theme": "attachment_insecurity",
      "state_tags": ["relationship_anxiety", "withdrawal", "need_for_control", "emotional_suppression"],
      "confidence": "high",
      "uncertainty_note": "若關係目前穩定，這句可能不適用。",
      "do_not_say": ["你缺乏安全感", "你關係有問題", "你註定會分手"],
      "safe_tone_template": {
        "acknowledge": "你在靠近與自保之間來回，不是因為你不想要親密，而是因為你太知道被遺棄的痛。",
        "guide": "",
        "action": ""
      },
      "variants": [
        "你在靠近與自保之間來回，不是因為你不想要連結，而是因為你太知道被遺棄的痛。",
        "你在靠近與自保之間來回，不是因為你不想要關係，而是因為你太知道被遺棄的痛。"
      ],
      "why_it_hits": "承認需求與恐懼並存，而非單純歸因於性格缺陷。"
    },
    {
      "id": "ANCHOR_ATTACH_INSECURITY_09",
      "label": "關係中的靠近與自保（變體9）",
      "mother_theme": "attachment_insecurity",
      "state_tags": ["relationship_anxiety", "withdrawal", "need_for_control", "people_pleasing"],
      "confidence": "high",
      "uncertainty_note": "若關係目前穩定，這句可能不適用。",
      "do_not_say": ["你缺乏安全感", "你關係有問題", "你註定會分手"],
      "safe_tone_template": {
        "acknowledge": "你在靠近與自保之間來回，不是因為你不想要親密，而是因為你太知道被否定的痛。",
        "guide": "",
        "action": ""
      },
      "variants": [
        "你在靠近與自保之間來回，不是因為你不想要連結，而是因為你太知道被否定的痛。",
        "你在靠近與自保之間來回，不是因為你不想要關係，而是因為你太知道被否定的痛。"
      ],
      "why_it_hits": "承認需求與恐懼並存，而非單純歸因於性格缺陷。"
    },
    {
      "id": "ANCHOR_ATTACH_INSECURITY_10",
      "label": "關係中的靠近與自保（變體10）",
      "mother_theme": "attachment_insecurity",
      "state_tags": ["relationship_anxiety", "withdrawal", "need_for_control", "social_withdrawal"],
      "confidence": "high",
      "uncertainty_note": "若關係目前穩定，這句可能不適用。",
      "do_not_say": ["你缺乏安全感", "你關係有問題", "你註定會分手"],
      "safe_tone_template": {
        "acknowledge": "你在靠近與自保之間來回，不是因為你不想要親密，而是因為你太知道被離開的痛。",
        "guide": "",
        "action": ""
      },
      "variants": [
        "你在靠近與自保之間來回，不是因為你不想要連結，而是因為你太知道被離開的痛。",
        "你在靠近與自保之間來回，不是因為你不想要關係，而是因為你太知道被離開的痛。"
      ],
      "why_it_hits": "承認需求與恐懼並存，而非單純歸因於性格缺陷。"
    },
    {
      "id": "ANCHOR_DEPLETION_01",
      "label": "長期承擔後的氣力外洩",
      "mother_theme": "chronic_depletion",
      "state_tags": ["exhaustion", "over_responsibility", "neglected_needs"],
      "confidence": "high",
      "uncertainty_note": "若你目前處於恢復期，這句可能不適用。",
      "do_not_say": ["你太累了", "你應該休息", "你已經不行了"],
      "safe_tone_template": {
        "acknowledge": "你習慣把局面扛在己身，但沒有人告訴你，有些責任其實可以分攤。",
        "guide": "",
        "action": ""
      },
      "variants": [
        "你習慣把局面扛在己身，但沒有人告訴你，有些責任其實可以分享。",
        "你習慣把局面扛在己身，但沒有人告訴你，有些責任其實可以分擔。"
      ],
      "why_it_hits": "肯定責任感同時指出過度承擔，讓高責任型使用者看到選擇。"
    },
    {
      "id": "ANCHOR_DEPLETION_02",
      "label": "長期承擔後的氣力外洩（變體2）",
      "mother_theme": "chronic_depletion",
      "state_tags": ["exhaustion", "over_responsibility", "neglected_needs", "high_obligation"],
      "confidence": "high",
      "uncertainty_note": "若你目前處於恢復期，這句可能不適用。",
      "do_not_say": ["你太累了", "你應該休息", "你已經不行了"],
      "safe_tone_template": {
        "acknowledge": "你習慣把所有責任都扛起來，但沒有人告訴你，有些責任其實可以分攤。",
        "guide": "",
        "action": ""
      },
      "variants": [
        "你習慣把所有責任都扛起來，但沒有人告訴你，有些責任其實可以分享。",
        "你習慣把所有責任都扛起來，但沒有人告訴你，有些責任其實可以分擔。"
      ],
      "why_it_hits": "肯定責任感同時指出過度承擔，讓高責任型使用者看到選擇。"
    },
    {
      "id": "ANCHOR_DEPLETION_03",
      "label": "長期承擔後的氣力外洩（變體3）",
      "mother_theme": "chronic_depletion",
      "state_tags": ["exhaustion", "over_responsibility", "neglected_needs", "sleep_debt"],
      "confidence": "high",
      "uncertainty_note": "若你目前處於恢復期，這句可能不適用。",
      "do_not_say": ["你太累了", "你應該休息", "你已經不行了"],
      "safe_tone_template": {
        "acknowledge": "你習慣把所有事都處理好，但沒有人告訴你，有些事其實可以放慢。",
        "guide": "",
        "action": ""
      },
      "variants": [
        "你習慣把所有事都處理好，但沒有人告訴你，有些事其實可以延後。",
        "你習慣把所有事都處理好，但沒有人告訴你，有些事其實可以暫停。"
      ],
      "why_it_hits": "肯定責任感同時指出過度承擔，讓高責任型使用者看到選擇。"
    },
    {
      "id": "ANCHOR_DEPLETION_04",
      "label": "長期承擔後的氣力外洩（變體4）",
      "mother_theme": "chronic_depletion",
      "state_tags": ["exhaustion", "over_responsibility", "neglected_needs", "high_obligation"],
      "confidence": "high",
      "uncertainty_note": "若你目前處於恢復期，這句可能不適用。",
      "do_not_say": ["你太累了", "你應該休息", "你已經不行了"],
      "safe_tone_template": {
        "acknowledge": "你習慣把所有事都做好，但沒有人告訴你，有些事其實可以不用做。",
        "guide": "",
        "action": ""
      },
      "variants": [
        "你習慣把所有事都做好，但沒有人告訴你，有些事其實可以不用管。",
        "你習慣把所有事都做好，但沒有人告訴你，有些事其實可以不用理。"
      ],
      "why_it_hits": "肯定責任感同時指出過度承擔，讓高責任型使用者看到選擇。"
    },
    {
      "id": "ANCHOR_DEPLETION_05",
      "label": "長期承擔後的氣力外洩（變體5）",
      "mother_theme": "chronic_depletion",
      "state_tags": ["exhaustion", "over_responsibility", "neglected_needs", "sleep_debt"],
      "confidence": "high",
      "uncertainty_note": "若你目前處於恢復期，這句可能不適用。",
      "do_not_say": ["你太累了", "你應該休息", "你已經不行了"],
      "safe_tone_template": {
        "acknowledge": "你習慣把所有事都處理完，但沒有人告訴你，有些事其實可以不用處理。",
        "guide": "",
        "action": ""
      },
      "variants": [
        "你習慣把所有事都處理完，但沒有人告訴你，有些事其實可以不用管。",
        "你習慣把所有事都處理完，但沒有人告訴你，有些事其實可以不用理。"
      ],
      "why_it_hits": "肯定責任感同時指出過度承擔，讓高責任型使用者看到選擇。"
    },
    {
      "id": "ANCHOR_DEPLETION_06",
      "label": "長期承擔後的氣力外洩（變體6）",
      "mother_theme": "chronic_depletion",
      "state_tags": ["exhaustion", "over_responsibility", "neglected_needs", "high_obligation"],
      "confidence": "high",
      "uncertainty_note": "若你目前處於恢復期，這句可能不適用。",
      "do_not_say": ["你太累了", "你應該休息", "你已經不行了"],
      "safe_tone_template": {
        "acknowledge": "你習慣把所有事都做好，但沒有人告訴你，有些事其實可以不用做。",
        "guide": "",
        "action": ""
      },
      "variants": [
        "你習慣把所有事都做好，但沒有人告訴你，有些事其實可以不用管。",
        "你習慣把所有事都做好，但沒有人告訴你，有些事其實可以不用理。"
      ],
      "why_it_hits": "肯定責任感同時指出過度承擔，讓高責任型使用者看到選擇。"
    },
    {
      "id": "ANCHOR_DEPLETION_07",
      "label": "長期承擔後的氣力外洩（變體7）",
      "mother_theme": "chronic_depletion",
      "state_tags": ["exhaustion", "over_responsibility", "neglected_needs", "sleep_debt"],
      "confidence": "high",
      "uncertainty_note": "若你目前處於恢復期，這句可能不適用。",
      "do_not_say": ["你太累了", "你應該休息", "你已經不行了"],
      "safe_tone_template": {
        "acknowledge": "你習慣把所有事都處理完，但沒有人告訴你，有些事其實可以不用處理。",
        "guide": "",
        "action": ""
      },
      "variants": [
        "你習慣把所有事都處理完，但沒有人告訴你，有些事其實可以不用管。",
        "你習慣把所有事都處理完，但沒有人告訴你，有些事其實可以不用理。"
      ],
      "why_it_hits": "肯定責任感同時指出過度承擔，讓高責任型使用者看到選擇。"
    },
    {
      "id": "ANCHOR_DEPLETION_08",
      "label": "長期承擔後的氣力外洩（變體8）",
      "mother_theme": "chronic_depletion",
      "state_tags": ["exhaustion", "over_responsibility", "neglected_needs", "high_obligation"],
      "confidence": "high",
      "uncertainty_note": "若你目前處於恢復期，這句可能不適用。",
      "do_not_say": ["你太累了", "你應該休息", "你已經不行了"],
      "safe_tone_template": {
        "acknowledge": "你習慣把所有事都做好，但沒有人告訴你，有些事其實可以不用做。",
        "guide": "",
        "action": ""
      },
      "variants": [
        "你習慣把所有事都做好，但沒有人告訴你，有些事其實可以不用管。",
        "你習慣把所有事都做好，但沒有人告訴你，有些事其實可以不用理。"
      ],
      "why_it_hits": "肯定責任感同時指出過度承擔，讓高責任型使用者看到選擇。"
    },
    {
      "id": "ANCHOR_DEPLETION_09",
      "label": "長期承擔後的氣力外洩（變體9）",
      "mother_theme": "chronic_depletion",
      "state_tags": ["exhaustion", "over_responsibility", "neglected_needs", "sleep_debt"],
      "confidence": "high",
      "uncertainty_note": "若你目前處於恢復期，這句可能不適用。",
      "do_not_say": ["你太累了", "你應該休息", "你已經不行了"],
      "safe_tone_template": {
        "acknowledge": "你習慣把所有事都處理完，但沒有人告訴你，有些事其實可以不用處理。",
        "guide": "",
        "action": ""
      },
      "variants": [
        "你習慣把所有事都處理完，但沒有人告訴你，有些事其實可以不用管。",
        "你習慣把所有事都處理完，但沒有人告訴你，有些事其實可以不用理。"
      ],
      "why_it_hits": "肯定責任感同時指出過度承擔，讓高責任型使用者看到選擇。"
    },
    {
      "id": "ANCHOR_DEPLETION_10",
      "label": "長期承擔後的氣力外洩（變體10）",
      "mother_theme": "chronic_depletion",
      "state_tags": ["exhaustion", "over_responsibility", "neglected_needs", "high_obligation"],
      "confidence": "high",
      "uncertainty_note": "若你目前處於恢復期，這句可能不適用。",
      "do_not_say": ["你太累了", "你應該休息", "你已經不行了"],
      "safe_tone_template": {
        "acknowledge": "你習慣把所有事都做好，但沒有人告訴你，有些事其實可以不用做。",
        "guide": "",
        "action": ""
      },
      "variants": [
        "你習慣把所有事都做好，但沒有人告訴你，有些事其實可以不用管。",
        "你習慣把所有事都做好，但沒有人告訴你，有些事其實可以不用理。"
      ],
      "why_it_hits": "肯定責任感同時指出過度承擔，讓高責任型使用者看到選擇。"
    },
    {
      "id": "ANCHOR_IDENTITY_DIFFUSION_01",
      "label": "方向未定時的內在搖擺",
      "mother_theme": "identity_diffusion",
      "state_tags": ["uncertainty", "external_validation", "lack_of_agency"],
      "confidence": "medium",
      "uncertainty_note": "若你目前有明確方向，這句可能不適用。",
      "do_not_say": ["你沒有主見", "你太依賴別人", "你找不到自己"],
      "safe_tone_template": {
        "acknowledge": "你的方向多受外力牽引，不是因為你沒有想法，而是因為你還沒找到自己的落點。",
        "guide": "",
        "action": ""
      },
      "variants": [
        "你的方向多受外力牽引，不是因為你沒有主見，而是因為你還沒找到自己的落點。",
        "你的方向多受外力牽引，不是因為你沒有想法，而是因為你還沒找到自己的定位。"
      ],
      "why_it_hits": "重新框架為探索過程，而非缺陷，降低自我批評。"
    },
    {
      "id": "ANCHOR_IDENTITY_DIFFUSION_02",
      "label": "方向未定時的內在搖擺（變體2）",
      "mother_theme": "identity_diffusion",
      "state_tags": ["uncertainty", "external_validation", "lack_of_agency", "self_doubt"],
      "confidence": "medium",
      "uncertainty_note": "若你目前有明確方向，這句可能不適用。",
      "do_not_say": ["你沒有主見", "你太依賴別人", "你找不到自己"],
      "safe_tone_template": {
        "acknowledge": "你的選擇多受外界影響，不是因為你沒有想法，而是因為你還沒找到自己的聲音。",
        "guide": "",
        "action": ""
      },
      "variants": [
        "你的選擇多受外界影響，不是因為你沒有主見，而是因為你還沒找到自己的聲音。",
        "你的選擇多受外界影響，不是因為你沒有想法，而是因為你還沒找到自己的定位。"
      ],
      "why_it_hits": "重新框架為探索過程，而非缺陷，降低自我批評。"
    },
    {
      "id": "ANCHOR_IDENTITY_DIFFUSION_03",
      "label": "方向未定時的內在搖擺（變體3）",
      "mother_theme": "identity_diffusion",
      "state_tags": ["uncertainty", "external_validation", "lack_of_agency", "people_pleasing"],
      "confidence": "medium",
      "uncertainty_note": "若你目前有明確方向，這句可能不適用。",
      "do_not_say": ["你沒有主見", "你太依賴別人", "你找不到自己"],
      "safe_tone_template": {
        "acknowledge": "你的決定多受他人期待影響，不是因為你沒有想法，而是因為你還沒找到自己的標準。",
        "guide": "",
        "action": ""
      },
      "variants": [
        "你的決定多受他人期待影響，不是因為你沒有主見，而是因為你還沒找到自己的標準。",
        "你的決定多受他人期待影響，不是因為你沒有想法，而是因為你還沒找到自己的定位。"
      ],
      "why_it_hits": "重新框架為探索過程，而非缺陷，降低自我批評。"
    },
    {
      "id": "ANCHOR_IDENTITY_DIFFUSION_04",
      "label": "方向未定時的內在搖擺（變體4）",
      "mother_theme": "identity_diffusion",
      "state_tags": ["uncertainty", "external_validation", "lack_of_agency", "self_doubt"],
      "confidence": "medium",
      "uncertainty_note": "若你目前有明確方向，這句可能不適用。",
      "do_not_say": ["你沒有主見", "你太依賴別人", "你找不到自己"],
      "safe_tone_template": {
        "acknowledge": "你的路徑多受外界指引，不是因為你沒有想法，而是因為你還沒找到自己的方向。",
        "guide": "",
        "action": ""
      },
      "variants": [
        "你的路徑多受外界指引，不是因為你沒有主見，而是因為你還沒找到自己的方向。",
        "你的路徑多受外界指引，不是因為你沒有想法，而是因為你還沒找到自己的定位。"
      ],
      "why_it_hits": "重新框架為探索過程，而非缺陷，降低自我批評。"
    },
    {
      "id": "ANCHOR_IDENTITY_DIFFUSION_05",
      "label": "方向未定時的內在搖擺（變體5）",
      "mother_theme": "identity_diffusion",
      "state_tags": ["uncertainty", "external_validation", "lack_of_agency", "people_pleasing"],
      "confidence": "medium",
      "uncertainty_note": "若你目前有明確方向，這句可能不適用。",
      "do_not_say": ["你沒有主見", "你太依賴別人", "你找不到自己"],
      "safe_tone_template": {
        "acknowledge": "你的選擇多受他人意見影響，不是因為你沒有想法，而是因為你還沒找到自己的判斷。",
        "guide": "",
        "action": ""
      },
      "variants": [
        "你的選擇多受他人意見影響，不是因為你沒有主見，而是因為你還沒找到自己的判斷。",
        "你的選擇多受他人意見影響，不是因為你沒有想法，而是因為你還沒找到自己的定位。"
      ],
      "why_it_hits": "重新框架為探索過程，而非缺陷，降低自我批評。"
    },
    {
      "id": "ANCHOR_IDENTITY_DIFFUSION_06",
      "label": "方向未定時的內在搖擺（變體6）",
      "mother_theme": "identity_diffusion",
      "state_tags": ["uncertainty", "external_validation", "lack_of_agency", "self_doubt"],
      "confidence": "medium",
      "uncertainty_note": "若你目前有明確方向，這句可能不適用。",
      "do_not_say": ["你沒有主見", "你太依賴別人", "你找不到自己"],
      "safe_tone_template": {
        "acknowledge": "你的決定多受外界標準影響，不是因為你沒有想法，而是因為你還沒找到自己的價值。",
        "guide": "",
        "action": ""
      },
      "variants": [
        "你的決定多受外界標準影響，不是因為你沒有主見，而是因為你還沒找到自己的價值。",
        "你的決定多受外界標準影響，不是因為你沒有想法，而是因為你還沒找到自己的定位。"
      ],
      "why_it_hits": "重新框架為探索過程，而非缺陷，降低自我批評。"
    },
    {
      "id": "ANCHOR_IDENTITY_DIFFUSION_07",
      "label": "方向未定時的內在搖擺（變體7）",
      "mother_theme": "identity_diffusion",
      "state_tags": ["uncertainty", "external_validation", "lack_of_agency", "people_pleasing"],
      "confidence": "medium",
      "uncertainty_note": "若你目前有明確方向，這句可能不適用。",
      "do_not_say": ["你沒有主見", "你太依賴別人", "你找不到自己"],
      "safe_tone_template": {
        "acknowledge": "你的路徑多受他人期待影響，不是因為你沒有想法，而是因為你還沒找到自己的目標。",
        "guide": "",
        "action": ""
      },
      "variants": [
        "你的路徑多受他人期待影響，不是因為你沒有主見，而是因為你還沒找到自己的目標。",
        "你的路徑多受他人期待影響，不是因為你沒有想法，而是因為你還沒找到自己的定位。"
      ],
      "why_it_hits": "重新框架為探索過程，而非缺陷，降低自我批評。"
    },
    {
      "id": "ANCHOR_IDENTITY_DIFFUSION_08",
      "label": "方向未定時的內在搖擺（變體8）",
      "mother_theme": "identity_diffusion",
      "state_tags": ["uncertainty", "external_validation", "lack_of_agency", "self_doubt"],
      "confidence": "medium",
      "uncertainty_note": "若你目前有明確方向，這句可能不適用。",
      "do_not_say": ["你沒有主見", "你太依賴別人", "你找不到自己"],
      "safe_tone_template": {
        "acknowledge": "你的選擇多受外界壓力影響，不是因為你沒有想法，而是因為你還沒找到自己的節奏。",
        "guide": "",
        "action": ""
      },
      "variants": [
        "你的選擇多受外界壓力影響，不是因為你沒有主見，而是因為你還沒找到自己的節奏。",
        "你的選擇多受外界壓力影響，不是因為你沒有想法，而是因為你還沒找到自己的定位。"
      ],
      "why_it_hits": "重新框架為探索過程，而非缺陷，降低自我批評。"
    },
    {
      "id": "ANCHOR_IDENTITY_DIFFUSION_09",
      "label": "方向未定時的內在搖擺（變體9）",
      "mother_theme": "identity_diffusion",
      "state_tags": ["uncertainty", "external_validation", "lack_of_agency", "people_pleasing"],
      "confidence": "medium",
      "uncertainty_note": "若你目前有明確方向，這句可能不適用。",
      "do_not_say": ["你沒有主見", "你太依賴別人", "你找不到自己"],
      "safe_tone_template": {
        "acknowledge": "你的決定多受他人評價影響，不是因為你沒有想法，而是因為你還沒找到自己的標準。",
        "guide": "",
        "action": ""
      },
      "variants": [
        "你的決定多受他人評價影響，不是因為你沒有主見，而是因為你還沒找到自己的標準。",
        "你的決定多受他人評價影響，不是因為你沒有想法，而是因為你還沒找到自己的定位。"
      ],
      "why_it_hits": "重新框架為探索過程，而非缺陷，降低自我批評。"
    },
    {
      "id": "ANCHOR_IDENTITY_DIFFUSION_10",
      "label": "方向未定時的內在搖擺（變體10）",
      "mother_theme": "identity_diffusion",
      "state_tags": ["uncertainty", "external_validation", "lack_of_agency", "self_doubt"],
      "confidence": "medium",
      "uncertainty_note": "若你目前有明確方向，這句可能不適用。",
      "do_not_say": ["你沒有主見", "你太依賴別人", "你找不到自己"],
      "safe_tone_template": {
        "acknowledge": "你的路徑多受外界期待影響，不是因為你沒有想法，而是因為你還沒找到自己的答案。",
        "guide": "",
        "action": ""
      },
      "variants": [
        "你的路徑多受外界期待影響，不是因為你沒有主見，而是因為你還沒找到自己的答案。",
        "你的路徑多受外界期待影響，不是因為你沒有想法，而是因為你還沒找到自己的定位。"
      ],
      "why_it_hits": "重新框架為探索過程，而非缺陷，降低自我批評。"
    }
  ]
}
