{
  "_extracted_from": "guidanceActionTemplates.v1.json",
  "_extraction_date": "2026-01-12",
  "theme_id": "identity_diffusion",
  "actionTemplates": {
    "today": [
      "Today: name what matters before a decision to {{principle}}.",
      "Today: note one moment that felt like you to {{principle}}."
    ],
    "week": [
      "This week: test-fit one choice against your values to {{principle}}.",
      "This week: replace one obligation driven only by others to {{principle}}."
    ]
  },
  "ageBands": {}
}