{
  "_extracted_from": "guidanceActionTemplates.v1.json",
  "_extraction_date": "2026-01-12",
  "theme_id": "loss_of_agency",
  "actionTemplates": {
    "today": [
      "Today: list two real options before saying yes, to {{principle}}.",
      "Today: make one small renegotiation to {{principle}}."
    ],
    "week": [
      "This week: schedule a 20-minute check-in to {{principle}} on a current commitment.",
      "This week: track three self-directed choices to {{principle}}."
    ]
  },
  "ageBands": {}
}