{
  "_extracted_from": "guidanceActionTemplates.v1.json",
  "_extraction_date": "2026-01-12",
  "theme_id": "suppressed_needs",
  "actionTemplates": {
    "today": [
      "Today: voice one small need early to {{principle}}.",
      "Today: set a minimum self-care block to {{principle}} and keep it."
    ],
    "week": [
      "This week: practice one clean ask (no hints) to {{principle}}.",
      "This week: create an opt-out rule when capacity is low to {{principle}}."
    ]
  },
  "ageBands": {}
}