{
  "meta": {
    "version": "m3a-1",
    "note": "Interventions are grounded in psychology; metaphysics is narrative skin."
  },
  "byTheme": {
    "control_need": {
      "title": "控制與失控恐懼",
      "whatItMeans": "你需要確定性來穩定情緒，一旦局勢不可控，焦慮會快速放大。",
      "actions": [
        "把目前的困擾拆成「可控 / 半可控 / 不可控」三欄，各寫不超過三件事",
        "每天只為『可控』項目行動 20 分鐘，避免過度規劃",
        "用『試行版決策』取代一次到位的選擇"
      ],
      "avoid": [
        "無止盡蒐集資訊卻不行動",
        "把不確定性直接等同於失敗"
      ]
    },

    "attachment_insecurity": {
      "title": "關係安全感缺口",
      "whatItMeans": "你在靠近與自保之間來回，容易用退縮換取安全。",
      "actions": [
        "將需求改寫為請求句，而非指責句",
        "建立兩句固定界線語句，避免臨場失控",
        "先談感受，再談方案，最後才談對錯"
      ],
      "avoid": [
        "用冷處理測試對方在不在乎",
        "用猜測代替確認"
      ]
    },

    "avoidance_procrastination": {
      "title": "逃避與拖延迴圈",
      "whatItMeans": "你不是懶，而是把每一步都當成不能輸的考試。",
      "actions": [
        "設定『最低可交付標準』，完成 10% 即算成功",
        "用 25 分鐘行動，不評價成果，只評價是否開始",
        "把任務拆成下一個最小動作"
      ],
      "avoid": [
        "等狀態完美才開始",
        "把一次失誤視為能力不足"
      ]
    },

    "commitment_anxiety": {
      "title": "承諾與未來焦慮",
      "whatItMeans": "你害怕一旦答應，就失去退路。",
      "actions": [
        "把承諾改成有期限的試行版本",
        "明確說出你能給與不能給的範圍",
        "先承諾行動，不承諾結果"
      ],
      "avoid": [
        "為了避免衝突而含糊答應",
        "過度預演最壞結局"
      ]
    },

    "burnout_overload": {
      "title": "過載與耗竭風險",
      "whatItMeans": "你長期撐著不倒，但一倒會倒很大。",
      "actions": [
        "把休息排進行事曆，而非等有空",
        "每天做一次負載盤點，刪掉一件非必要事項",
        "設定明確下班時間"
      ],
      "avoid": [
        "用意志力硬撐",
        "用熬夜換進度"
      ]
    }
  }
}