[
  {
    "id": "avoidance_coping_q1",
    "text": "牙齒隱隱作痛或收到健檢紅字通知，但這週工作很忙，你會？",
    "type": "likert_5",
    "scale": [
      "吃止痛藥或保健品壓下去，告訴自己過幾天就好",
      "馬上預約掛號，不管多忙先處理再說",
      "問問身邊朋友有沒有類似經驗，聽聽他們怎麼說",
      "先觀察幾天，如果變嚴重了再決定要不要看醫生"
    ]
  },
  {
    "id": "avoidance_coping_q2",
    "text": "收到信用卡帳單或必須處理財務報表時，看著那個數字讓你感到焦慮，你會？",
    "type": "likert_5",
    "scale": [
      "先擱在一旁不打開，專心追劇或打掃房間",
      "立刻打開記帳軟體，一筆筆核對並制定還款計畫",
      "跟家人或伴侶討論，看看能不能一起分擔或理清",
      "到繳費期限最後一刻才匆忙打開去繳"
    ]
  },
  {
    "id": "avoidance_coping_q3",
    "text": "明知這段關係（伴侶或朋友）已經出現裂痕，需要坐下來好好談談，你會？",
    "type": "likert_5",
    "scale": [
      "假裝沒事發生，照常過日子，期待問題自己消失",
      "找個適當的時機，主動約對方把心裡話講開",
      "問共同朋友的看法，確認是不是自己想太多",
      "保持距離冷處理，等對方先開口再說"
    ]
  },
  {
    "id": "avoidance_coping_q4",
    "text": "手上有一個複雜且具挑戰性的專案要開始，但完全沒有頭緒，你會？",
    "type": "likert_5",
    "scale": [
      "先去整理桌面、回無關緊要的Email，做些簡單的事",
      "硬著頭皮先寫出大綱，不管好壞先動起來再說",
      "找有經驗的前輩請教，看有沒有範本可以參考",
      "先把時程表排出來，拆解成小步驟慢慢做"
    ]
  },
  {
    "id": "avoidance_coping_q5",
    "text": "制定了運動計畫，但下班回家覺得好累，心裡出現「明天再做」的聲音，你會？",
    "type": "likert_5",
    "scale": [
      "順從這個聲音，躺在沙發上滑手機放鬆",
      "告訴自己「只做10分鐘也好」，換上衣服直接開始",
      "看看別人在社群上打卡的動態，激勵自己跟上",
      "調整計畫，改成週末再做高強度運動"
    ]
  },
  {
    "id": "avoidance_coping_q6",
    "text": "收到一則需要花心力回覆的重要訊息（如主管質問或長輩關切），當下不想處理，你會？",
    "type": "likert_5",
    "scale": [
      "不讀不回把手機丟到一邊，假裝沒看到",
      "立刻回覆，不想讓這件事掛在心上",
      "複製貼上官方說法，先簡單應付過去",
      "設個鬧鐘提醒自己晚點回，現在先做別的事"
    ]
  },
  {
    "id": "avoidance_coping_q7",
    "text": "心裡一直有個想嘗試的夢想（如轉職、留學、創業），但充滿不確定性，你會？",
    "type": "likert_5",
    "scale": [
      "告訴自己現在這樣也很好，不要冒險比較安全",
      "報名相關課程或活動，強迫自己跨出第一步",
      "上網爬文看別人的失敗案例，證明不動是對的",
      "列出優缺點分析，評估現在是不是最好的時機"
    ]
  }
]