[
  {
    "id": "chronic_depletion_q1",
    "text": "在同時照顧年邁父母與未成年子女的高壓期，你每天醒來的第一個念頭是？",
    "type": "likert_5",
    "scale": [
      "覺得身體沉重，想躲回被窩",
      "立刻列出清單，強迫自己開機",
      "緊盯手機，擔心有突發狀況",
      "希望能有人接手這一切"
    ]
  },
  {
    "id": "chronic_depletion_q2",
    "text": "面對職場的競爭與無止盡的加班要求，你的身體通常如何反應？",
    "type": "likert_5",
    "scale": [
      "忽視疲勞，靠咖啡硬撐",
      "麻木地繼續做，像機器人一樣",
      "忍著頭痛上班，不敢請假",
      "躲進廁所，爭取片刻安靜"
    ]
  },
  {
    "id": "chronic_depletion_q3",
    "text": "當長期的照護責任讓你感到體力透支時，你如何看待「休息」這件事？",
    "type": "likert_5",
    "scale": [
      "充滿罪惡感，不敢停下來",
      "覺得必須生病了才有理由休息",
      "期待別人主動發現我累了",
      "計算著還能撐多久才崩潰"
    ]
  },
  {
    "id": "chronic_depletion_q4",
    "text": "數位時代的資訊轟炸讓你感到大腦過載時，你會採取什麼行動？",
    "type": "likert_5",
    "scale": [
      "滑手機到深夜，雖累但停不下",
      "強制斷網，優先保護心理健康",
      "向身邊的人抱怨，發洩情緒",
      "徹底放空，什麼訊息都不回"
    ]
  },
  {
    "id": "chronic_depletion_q5",
    "text": "經歷更年期或身心機能顯著衰退時，你對這種「失去活力」的感覺是？",
    "type": "likert_5",
    "scale": [
      "假裝沒事，維持過往強度",
      "哀傷，躲起來覺得自己沒用了",
      "積極尋找各種補品試圖改善",
      "順其自然，觀察身體變化"
    ]
  },
  {
    "id": "chronic_depletion_q6",
    "text": "在長時間的通勤或塞車中，你通常處於什麼樣的情緒？",
    "type": "likert_5",
    "scale": [
      "強迫自己聽Podcast學習",
      "放空大腦，讓自己休眠一下",
      "滑社群媒體，轉移注意力",
      "觀察路況，預想待會行程"
    ]
  },
  {
    "id": "chronic_depletion_q7",
    "text": "每當週末或假期結束，想到明天要面對的一切，你的反應是？",
    "type": "likert_5",
    "scale": [
      "腦中不斷預演明天的災難",
      "熬夜追劇，不想面對明天",
      "提早設鬧鐘，規劃明天進度",
      "躲在被窩，感到絕望無力"
    ]
  }
]