[
  {
    "id": "identity_diffusion_q1",
    "text": "對於「你是誰」這個問題，如果不談工作和家庭角色，你會？",
    "type": "likert_5",
    "scale": [
      "腦袋空白，答不出來",
      "焦慮，覺得自己很空洞",
      "列舉興趣，但覺得很表面",
      "反問對方，迴避問題"
    ]
  },
  {
    "id": "identity_diffusion_q2",
    "text": "在社群媒體上看到別人的精彩生活，你會覺得？",
    "type": "likert_5",
    "scale": [
      "嫉妒，覺得自己生活乏味",
      "模仿他們，試圖獲得認同",
      "關掉程式，眼不見為淨",
      "冷靜分析他們在經營形象"
    ]
  },
  {
    "id": "identity_diffusion_q3",
    "text": "當孩子離家獨立或你需要照顧孫輩時，你對自己角色的感覺是？",
    "type": "likert_5",
    "scale": [
      "空虛，不知道重心在哪",
      "變成免費保母，失去自由",
      "努力找事做，怕被說沒用",
      "終於解脫，規劃自己生活"
    ]
  },
  {
    "id": "identity_diffusion_q4",
    "text": "面對「中年危機」或事業瓶頸，你對未來的圖像是？",
    "type": "likert_5",
    "scale": [
      "一片模糊，看不到方向",
      "恐慌，覺得時間不夠了",
      "想換跑道，但不知道換啥",
      "嘗試各種副業，尋找可能"
    ]
  },
  {
    "id": "identity_diffusion_q5",
    "text": "當你為了伴侶或家庭犧牲了職涯（如陪讀、隨任），你會？",
    "type": "likert_5",
    "scale": [
      "感到迷失，像個附屬品",
      "努力進修，怕跟社會脫節",
      "把成就感寄託在伴侶身上",
      "發展個人興趣，建立圈子"
    ]
  },
  {
    "id": "identity_diffusion_q6",
    "text": "獨處時，若沒有手機或網路，你會感到？",
    "type": "likert_5",
    "scale": [
      "極度焦慮，不知如何是好",
      "無聊發慌，找事填滿時間",
      "平靜自在，享受安靜時刻",
      "開始胡思亂想，負面思考"
    ]
  },
  {
    "id": "identity_diffusion_q7",
    "text": "在團體中，當你需要自我介紹時，你通常會？",
    "type": "likert_5",
    "scale": [
      "只講職稱或身分，很制式",
      "觀察別人怎麼講，模仿之",
      "擔心講不好，盡量簡短",
      "大方分享興趣，展現特色"
    ]
  }
]