[
  {
    "id": "mv_q1",
    "text": "在社群媒體上滑到朋友曬升遷、奢華旅遊或精緻生活時，你第一時間更像？",
    "type": "likert_5",
    "scale": [
      "感到自卑或煩躁，乾脆關掉不看",
      "被激起競爭心，逼自己加速追趕",
      "跟著點讚留言，讓自己融入氣氛",
      "先冷靜觀察，提醒自己那只是片段"
    ]
  },
  {
    "id": "mv_q2",
    "text": "參加同學會或聚餐時，發現同齡人多已買房或結婚生子，而自己像還在原地，你會？",
    "type": "likert_5",
    "scale": [
      "覺得尷尬想逃，之後盡量不參加",
      "主動請教他們怎麼做到，看看能否學到方法",
      "轉移話題聊別的，避免自己被問太多",
      "重新盤點自己的路線，調整下一步計畫"
    ]
  },
  {
    "id": "mv_q3",
    "text": "當同事拿到你很想要的機會或獎項，而你落選時，你更接近？",
    "type": "likert_5",
    "scale": [
      "表面祝福，但私下拉開距離保護自己",
      "把挫敗轉成燃料，決定下次一定要贏",
      "先停一下觀察局勢，等更適合的時機再出手",
      "回到自身需求，確認我真正要的是什麼"
    ]
  },
  {
    "id": "mv_q4",
    "text": "身邊的人都在討論某個熱門投資或流行趨勢，你怕不跟進就落伍時，你會？",
    "type": "likert_5",
    "scale": [
      "先跟著加入，不想在群體裡顯得格格不入",
      "先把資源留給更重要的事，按自己的步調走",
      "焦慮地查很多資料，怕錯過關鍵訊息",
      "找懂的人聊聊，確認這是不是我真的需要"
    ]
  },
  {
    "id": "mv_q5",
    "text": "當你的生活選擇（如單身、不生小孩、斜槓）被長輩或旁人拿來比較、質疑時，你會？",
    "type": "likert_5",
    "scale": [
      "為了少惹麻煩，表面附和但不想多談",
      "直接反駁，試圖證明自己的選擇沒錯",
      "不太解釋，專注把自己的日子過好",
      "換個說法溝通，讓對方比較能理解"
    ]
  },
  {
    "id": "mv_q6",
    "text": "看到比自己年輕很多的人取得巨大成功，讓你出現年齡焦慮時，你會？",
    "type": "likert_5",
    "scale": [
      "立刻制定更嚴格的計畫，逼自己加速",
      "覺得沮喪，降低接觸這類資訊",
      "找前輩或導師聊聊，調整心態與節奏",
      "分析對方路徑，先觀察再決定要不要跟"
    ]
  },
  {
    "id": "mv_q7",
    "text": "當你在某個群體中覺得自己「不如別人」或「格格不入」時，你通常會？",
    "type": "likert_5",
    "scale": [
      "努力模仿大家的樣子，讓自己看起來合群",
      "默默退到邊緣，能不被注意就好",
      "把注意力放回自己的強項，不跟著比較",
      "找信任的人聊聊，確認是不是自己想太多"
    ]
  }
]