{
  "money": [
    {
      "when": { "r2Includes": ["等", "守", "觀望", "不敢"] },
      "hook": "你不是缺財路，是把「不犯錯」當成唯一的出路。",
      "plain": "你把每一步都當成不能輸的賭局，所以你會拖、會反覆驗算、會更累。"
    },
    {
      "when": { "r2Includes": ["焦", "慌", "怕", "失"] },
      "hook": "你不是在算錢，你是在算：失敗會不會把你整個人一起帶走。",
      "plain": "你真正害怕的不是虧損，而是一次失手之後，還能不能站得起來。"
    },
    {
      "when": { "r3Regex": "欠|卡|壓|債|洞|窟窿|周轉" },
      "hook": "你現在的財局，不是窮，是被一筆看不見的帳追著跑。",
      "plain": "那筆帳不一定在銀行，可能在關係、責任，或你對自己的期待裡。"
    },
    {
      "when": {},
      "hook": "你一直想變好，但你更怕：一旦選錯，就得為它負責。",
      "plain": "翻成白話：你不是不會賺，而是你把「承擔後果」看得太重，重到你不敢選。"
    }
  ],
  "relationship": [
    {
      "when": { "r2Includes": ["拉", "扯", "進退", "兩難"] },
      "hook": "你不是不愛，是你不敢把「需要」交到別人手上。",
      "plain": "你怕一旦說出口，就再也收不回來。"
    },
    {
      "when": { "r3Regex": "冷|距|界|疏|淡|退" },
      "hook": "你把距離當安全感，但也把溫度一起隔開了。",
      "plain": "你不是沒感覺，是你先學會保護自己。"
    },
    {
      "when": {},
      "hook": "你想靠近，但你更怕：靠近後才發現自己不被珍惜。",
      "plain": "翻成白話：你不是不想談好關係，你是在防一個「投入後落空」的結局。"
    }
  ],
  "_fallback": {
    "hook": "你不是缺答案，而是一直在等一個不需要你承擔代價的選擇。",
    "plain": "這不是你的問題，而是這個局本來就要你付出取捨。"
  }
}