{
  "_extracted_from": "anchor_statements.v1.json",
  "_extraction_date": "2026-01-12",
  "_note": "此為提取的原始資料，需要顧問團隊整合刪減昇華。ContentDB 內容需要手動分析提取。",
  "low": {
    "opening": "位置在，但心不安",
    "explain": "待從 ContentDB 和 anchor_statements 提取"
  },
  "mid": {
    "opening": "你不是不敢，是責任太重",
    "explain": "待從 ContentDB 和 anchor_statements 提取"
  },
  "high": {
    "opening": "錢來得快、也走得快",
    "explain": "待從 ContentDB 和 anchor_statements 提取"
  },
  "_raw_anchors": [],
  "_contentdb_sources": [
    {
      "domain": "career",
      "file": "ContentDB_career.js"
    },
    {
      "domain": "money",
      "file": "ContentDB_money.js"
    },
    {
      "domain": "finance",
      "file": "ContentDB_finance.js"
    },
    {
      "domain": "study",
      "file": "ContentDB_study.js"
    }
  ],
  "_extracted_from_contentdb": true
}