[
  {
    "id": "emotional_permeability_q1",
    "text": "當伴侶或是親近的人帶著憤怒或沈默回家，家裡氣氛變得很僵時，你的直覺反應是？",
    "type": "likert_5",
    "scale": [
      "立刻檢討自己是否做錯事，試圖安撫對方",
      "雖然擔心，但告訴自己這是他的情緒課題",
      "默默離開現場或戴上耳機，以免被颱風尾掃到",
      "堅持問出原因，想盡辦法要幫他解決問題"
    ]
  },
  {
    "id": "emotional_permeability_q2",
    "text": "朋友打電話來抱怨生活，話題無限鬼打牆，讓你感到能量耗竭，你會？",
    "type": "likert_5",
    "scale": [
      "不知不覺聽了很久，掛斷後覺得自己也被吸乾了",
      "設定時間限制，委婉告訴對方等下有事要忙",
      "雖然很煩，但覺得聽他說是朋友的義務，硬撐著聽",
      "找個理由說訊號不好或沒電，趕快結束通話"
    ]
  },
  {
    "id": "emotional_permeability_q3",
    "text": "辦公室裡主管剛罵完人，空氣中瀰漫著低氣壓，即使不關你的事，你會怎麼做？",
    "type": "likert_5",
    "scale": [
      "戴上耳機專注工作，在此刻劃出心理界線",
      "變得小心翼翼，深怕下一個被罵的是自己",
      "觀察主管臉色，等待氣氛緩和再行動",
      "主動找主管確認工作狀況，想確認自己是安全的"
    ]
  },
  {
    "id": "emotional_permeability_q4",
    "text": "看到災難新聞或社會悲劇的報導，讓你感到強烈的不舒服與共感，你會？",
    "type": "likert_5",
    "scale": [
      "這幾天完全不看新聞或網路，隔絕資訊",
      "忍不住一直滑相關訊息，越看越焦慮",
      "限制閱讀時間，只看重點摘要就好",
      "逼自己看完細節，覺得不能對世界的苦難漠不關心"
    ]
  },
  {
    "id": "emotional_permeability_q5",
    "text": "當伴侶或家人興致勃勃地幫你規劃了一個你其實不喜歡的行程，你會？",
    "type": "likert_5",
    "scale": [
      "覺得配合他是我的責任，就算不喜歡也照做",
      "明確表達我不喜歡這個安排，提出我想去的",
      "先答應下來，之後再找機會微調行程",
      "為了不破壞他的興致，把不滿吞下去"
    ]
  },
  {
    "id": "emotional_permeability_q6",
    "text": "看到朋友陷入低潮哭泣，你會產生什麼樣的衝動？",
    "type": "likert_5",
    "scale": [
      "想盡辦法逗他笑或提供建議，一定要讓他好起來",
      "靜靜陪在一旁，觀察他需要什麼再行動",
      "介紹專業諮商師或書籍給他，尋求外部協助",
      "覺得他的負能量太強，想先保持距離保護自己"
    ]
  },
  {
    "id": "emotional_permeability_q7",
    "text": "長輩用嘆氣或暗示的方式表達對你的生活方式不滿，但沒有明說，你會？",
    "type": "likert_5",
    "scale": [
      "馬上懷疑自己是不是做錯了，試圖修正",
      "假裝沒聽懂，繼續做自己的事，心裡築起高牆",
      "直接問清楚他們到底不滿意什麼，把話講開",
      "告訴自己「這是他的觀點」，盡量不受影響"
    ]
  }
]