[
  {
    "id": "fbs_q1",
    "text": "對於投資理財，你的風格傾向於？",
    "type": "likert_5",
    "scale": [
      "極度保守，只存定存或現金",
      "跟風買熱門股，怕錯過賺錢機會",
      "過度分散風險，導致沒什麼收益",
      "完全不敢碰，覺得都是騙局"
    ]
  },
  {
    "id": "fbs_q2",
    "text": "在社交場合中，你通常會選擇？",
    "type": "likert_5",
    "scale": [
      "待在熟人旁邊，不跟陌生人說話",
      "主動社交，怕被冷落",
      "躲在角落滑手機",
      "觀察別人在做什麼，模仿他們"
    ]
  },
  {
    "id": "fbs_q3",
    "text": "當你有一個創新的想法時，你會？",
    "type": "likert_5",
    "scale": [
      "擔心不可行，自己先否定掉",
      "到處問人意見，直到信心被磨光",
      "默默做，不敢告訴別人",
      "覺得太麻煩，懶得執行"
    ]
  }
]