[
  {
    "id": "hyper_responsibility_q1",
    "text": "團隊專案中有人進度落後，眼看死線快到了，你會採取什麼行動？",
    "type": "likert_5",
    "scale": [
      "把他的工作一併攬過來做，確保不開天窗",
      "私下提醒他進度，並向主管回報狀況",
      "雖然焦慮，但決定放手讓他自己承擔後果",
      "為了團隊和諧不說破，默默幫忙收尾"
    ]
  },
  {
    "id": "hyper_responsibility_q2",
    "text": "作為家中長子/長女或主要照顧者，面對父母過度的依賴與情緒勒索，你的反應是？",
    "type": "likert_5",
    "scale": [
      "感到窒息，但還是隨傳隨到，不敢拒絕",
      "試圖溝通設立界線，表明自己也有極限",
      "找兄弟姊妹或外部資源分攤，不再獨扛",
      "選擇物理性逃避，減少回家的次數"
    ]
  },
  {
    "id": "hyper_responsibility_q3",
    "text": "好友把你當情緒垃圾桶，不分晝夜打電話訴苦，讓你感到疲憊不堪時，你會？",
    "type": "likert_5",
    "scale": [
      "即使很累還是接聽，怕對方想不開",
      "委婉告知現在不方便，約定通話時間",
      "暫時不讀不回，先照顧自己的情緒",
      "邊聽邊做別的事，敷衍應付過去"
    ]
  },
  {
    "id": "hyper_responsibility_q4",
    "text": "發現部門流程有個潛在的大漏洞，但提出來可能會得罪資深同事，你會？",
    "type": "likert_5",
    "scale": [
      "默默把漏洞補起來，不張揚也不居功",
      "觀察一陣子，確認真的有問題再說",
      "擔心引發衝突，選擇保持沈默",
      "提出具體的改善計畫，並爭取主導權"
    ]
  },
  {
    "id": "hyper_responsibility_q5",
    "text": "在親密關係或共同生活中，你是否常覺得「如果我不做，就沒人會做」？",
    "type": "likert_5",
    "scale": [
      "是，所以我會一邊生氣一邊把家事全包了",
      "會試著擺爛幾天，看對方會不會動手",
      "會嚴肅地跟對方談判，重新分配責任",
      "為了耳根清淨，順手做完比較快"
    ]
  },
  {
    "id": "hyper_responsibility_q6",
    "text": "當團隊發生失誤，雖然責任不完全在你，但氣氛很僵時，你會？",
    "type": "likert_5",
    "scale": [
      "習慣性先道歉，把責任攬在自己身上",
      "冷靜釐清責任歸屬，不隨意承擔",
      "保持沈默，等待其他人打破僵局",
      "跳出來主導收尾工作，解決問題優先"
    ]
  },
  {
    "id": "hyper_responsibility_q7",
    "text": "你已經排定好週末要休息，但朋友臨時請求你幫忙搬家或處理急事，你會？",
    "type": "likert_5",
    "scale": [
      "二話不說答應，犧牲自己的假期",
      "堅定拒絕，表明自己已經有安排",
      "幫忙找搬家公司資訊給他，但不出席",
      "找藉口說身體不舒服，逃避請求"
    ]
  }
]