[
  {
    "id": "loss_of_agency_q1",
    "text": "當你發現無論怎麼努力都難以買房或完成階級流動時，你會更接近哪一種反應？",
    "type": "likert_5",
    "scale": [
      "徹底躺平，放棄無謂掙扎",
      "加倍兼職，試圖對抗命運",
      "隨波逐流，過一天算一天",
      "憤世嫉俗，抱怨社會不公"
    ]
  },
  {
    "id": "loss_of_agency_q2",
    "text": "隨著年齡增長，若必須繳回駕照或依賴輔具行動，你的第一反應更像？",
    "type": "likert_5",
    "scale": [
      "憤怒，覺得自由被剝奪",
      "恐慌，害怕從此依賴他人",
      "認命，接受老了就是這樣",
      "隱瞞實情，硬著頭皮繼續做"
    ]
  },
  {
    "id": "loss_of_agency_q3",
    "text": "面對複雜的數位科技（如網銀、掛號 App）讓你卡住時，你通常會？",
    "type": "likert_5",
    "scale": [
      "感到挫折，覺得被時代拋棄",
      "依賴晚輩，雖然不想麻煩人",
      "拒絕使用，堅持臨櫃辦理",
      "焦慮地學習，深怕按錯鍵"
    ]
  },
  {
    "id": "loss_of_agency_q4",
    "text": "在職場上，決策權完全握在上級手中、你的專業意見常被無視時，你會？",
    "type": "likert_5",
    "scale": [
      "只做表面，不求有功",
      "揣摩上意，做他們想看的",
      "照單全收，停止思考",
      "想離職但不敢，覺得被困住"
    ]
  },
  {
    "id": "loss_of_agency_q5",
    "text": "當你被診斷出慢性病，生活必須受藥物與回診節奏影響時，你對身體的感覺更像？",
    "type": "likert_5",
    "scale": [
      "嚴格控管，不容許數值波動",
      "偶爾故意漏吃，證明自主權",
      "感到沮喪，身體不再屬自己",
      "隱瞞病情，不想被當病人"
    ]
  },
  {
    "id": "loss_of_agency_q6",
    "text": "面對全球性危機（如疫情、戰爭）讓你覺得個人很渺小、很難左右局勢時，你會？",
    "type": "likert_5",
    "scale": [
      "過度關注新聞，隨時準備避難",
      "忽視資訊，專注自己的小日子",
      "感到絕望，覺得做什麼都沒用",
      "積極參與社群，尋求掌控感"
    ]
  },
  {
    "id": "loss_of_agency_q7",
    "text": "在家庭重大決策（如裝修、搬家）中，若你的聲音長期被忽略，你通常會？",
    "type": "likert_5",
    "scale": [
      "放棄表達，讓他們自己決定",
      "消極抵抗，故意拖延配合",
      "大吵一架，試圖奪回主導權",
      "在小事上計較，尋求補償"
    ]
  }
]