[
  {
    "id": "suppressed_needs_q1",
    "text": "當你有想要的東西或想做的事，但家人強烈反對時，你會？",
    "type": "likert_5",
    "scale": [
      "立刻放棄，不想讓他們生氣",
      "偷偷做，但心裡不踏實",
      "試圖溝通，尋求折衷方案",
      "堅持己見，爆發爭吵也不怕"
    ]
  },
  {
    "id": "suppressed_needs_q2",
    "text": "在職場上，當同事請求你幫忙但你已經忙不過來時，你會？",
    "type": "likert_5",
    "scale": [
      "硬著頭皮答應，加班做完",
      "委婉拒絕，說明自己困難",
      "裝作沒看到訊息，冷處理",
      "先答應下來，再看狀況"
    ]
  },
  {
    "id": "suppressed_needs_q3",
    "text": "朋友聚餐時，大家想吃的餐廳你不喜歡，你會？",
    "type": "likert_5",
    "scale": [
      "說「隨便」，配合大家",
      "提出自己想吃的選項",
      "默默忍受，還是出席",
      "找藉口不參加這次聚會"
    ]
  },
  {
    "id": "suppressed_needs_q4",
    "text": "當你身體不舒服，但還有工作或家務沒做完時，你會？",
    "type": "likert_5",
    "scale": [
      "忍著不適做完，不敢休息",
      "向家人或同事請求支援",
      "放下工作，先去睡覺休息",
      "邊做邊抱怨，覺得很委屈"
    ]
  },
  {
    "id": "suppressed_needs_q5",
    "text": "對於「拒絕別人」這件事，你的真實感受是？",
    "type": "likert_5",
    "scale": [
      "非常困難，怕對方失望",
      "理直氣壯，不行就是不行",
      "會編造藉口，不敢直說",
      "看對方是誰，看狀況決定"
    ]
  },
  {
    "id": "suppressed_needs_q6",
    "text": "在親密關係中，若你不想要親密接觸，你會？",
    "type": "likert_5",
    "scale": [
      "勉強配合，怕破壞氣氛",
      "直接說累了，拒絕接觸",
      "身體僵硬，希望能快結束",
      "試圖轉移話題或做別的事"
    ]
  },
  {
    "id": "suppressed_needs_q7",
    "text": "當團體中大家的意見與你不同時，你會？",
    "type": "likert_5",
    "scale": [
      "懷疑自己，最後附和大家",
      "堅持表達自己的看法",
      "保持沈默，不發表意見",
      "觀察風向，說些中立的話"
    ]
  }
]